Sl no.,Set,Species,Mesh,Total weight (mg),Bag weight (mg),SeedWeight,Seeds,Undeveloped,Developed,Actual seed number,Florets,Heads,Seed set per floret,Weight per seed
1,E,Ageratum,S,1056.49,869.76,186.73,589,68,521,594,66,9,0.877104,0.35840691
2,E,Ageratum,S,1277.13,867.78,409.35,1179,134,1045,1188,66,18,0.87963,0.391722488
3,E,Ageratum,S,1171.79,856.5,315.29,842,65,777,858,66,13,0.905594,0.405778636
4,E,Ageratum,S,1126.59,911.7,214.89,654,37,617,660,66,10,0.934848,0.34828201
5,E,Ageratum,S,1213.75,844.24,369.51,1047,140,907,1056,66,16,0.858902,0.407398015
6,E,Ageratum,S,1313.21,872.46,440.75,1315,185,1130,1320,66,20,0.856061,0.390044248
7,E,Ageratum,S,1149.92,877.2,272.72,848,81,767,858,66,13,0.893939,0.355567145
8,E,Ageratum,S,1099.92,818.85,281.07,1167,332,835,1188,66,18,0.702862,0.336610778
9,E,Ageratum,S,1132.63,857.21,275.42,723,128,595,792,66,12,0.751263,0.462890756
10,E,Ageratum,S,1412.36,906.89,505.47,1564,250,1314,1584,66,24,0.829545,0.384680365
11,E,Ageratum,S,1165.04,885.59,279.45,916,189,727,924,66,14,0.786797,0.384387896
12,E,Ageratum,S,996.2,822.32,173.88,450,60,390,462,66,7,0.844156,0.445846154
13,E,Ageratum,S,1291.28,871.61,419.67,1054,154,900,1056,66,16,0.852273,0.4663
14,E,Ageratum,S,1298.78,912.95,385.83,1300,337,963,1386,66,21,0.694805,0.400654206
15,E,Ageratum,S,997.08,834.06,163.02,450,58,392,462,66,7,0.848485,0.415867347
16,E,Ageratum,S,1110.29,797.81,312.48,775,70,705,792,66,12,0.890152,0.443234043
17,E,Ageratum,S,1023.78,826.19,197.59,566,68,498,594,66,9,0.838384,0.396767068
18,E,Ageratum,S,1007.63,858.25,149.38,367,45,322,396,66,6,0.813131,0.463913044
19,E,Ageratum,S,981.57,839.26,142.31,459,30,429,462,66,7,0.928571,0.331724942
20,E,Ageratum,S,1096.32,773.34,322.98,774,74,700,792,66,12,0.883838,0.4614
21,E,Ageratum,S,987.68,764.59,223.09,725,53,672,726,66,11,0.92562,0.331979167
22,E,Ageratum,S,1032.44,809.22,223.22,578,67,511,594,66,9,0.860269,0.436829746
23,E,Ageratum,S,968.6,800.06,168.54,509,41,468,528,66,8,0.886364,0.360128205
24,E,Ageratum,S,999.77,773.38,226.39,645,56,589,660,66,10,0.892424,0.384363328
25,E,Ageratum,L,1124.86,825.72,299.14,771,78,693,792,66,12,0.875,0.431659452
26,E,Ageratum,L,1172.11,825.71,346.4,916,71,845,924,66,14,0.914502,0.409940828
27,E,Ageratum,L,1118.21,831.26,286.95,846,75,771,858,66,13,0.898601,0.372178988
28,E,Ageratum,L,1101.7,841.47,260.23,651,66,585,660,66,10,0.886364,0.444837607
29,E,Ageratum,L,1004.04,750.38,253.66,790,48,742,792,66,12,0.936869,0.341859838
30,E,Ageratum,L,1104.89,932.27,172.62,585,68,517,594,66,9,0.87037,0.333887814
31,E,Ageratum,L,983.73,864.51,119.22,374,39,335,396,66,6,0.84596,0.355880597
32,E,Ageratum,L,992.66,763.62,229.04,659,81,578,660,66,10,0.875758,0.396262976
33,E,Ageratum,L,1077.91,822.53,255.38,825,120,705,858,66,13,0.821678,0.362241135
34,E,Ageratum,L,1216.38,816.56,399.82,1120,192,928,1122,66,17,0.827094,0.430840517
35,E,Ageratum,L,1077.61,896.41,181.2,456,50,406,462,66,7,0.878788,0.446305419
36,E,Ageratum,L,927.02,843.73,83.29,260,11,249,264,66,4,0.943182,0.334497992
37,E,Ageratum,L,1094.86,810.94,283.92,898,178,720,990,66,15,0.727273,0.394333333
38,E,Ageratum,L,904.92,743.29,161.63,500,60,440,528,66,8,0.833333,0.367340909
39,E,Ageratum,L,908.22,758.79,149.43,455,43,412,462,66,7,0.891775,0.362694175
40,E,Ageratum,L,898.06,746.72,151.34,436,30,406,462,66,7,0.878788,0.372758621
41,E,Ageratum,L,913.4,756.71,156.69,513,52,461,528,66,8,0.873106,0.33989154
42,E,Ageratum,L,879.17,766.35,112.82,305,48,257,330,66,5,0.778788,0.438988327
43,E,Ageratum,L,903.24,821.44,81.8,247,20,227,264,66,4,0.859848,0.360352423
44,E,Ageratum,L,978.89,860.55,118.34,322,34,288,330,66,5,0.872727,0.410902778
45,E,Ageratum,L,1049.66,824.08,225.58,843,197,646,858,66,13,0.752914,0.349195046
46,E,Ageratum,L,946.64,803.21,143.43,327,18,309,330,66,5,0.936364,0.464174757
47,E,Ageratum,L,986.61,832.2,154.41,379,25,354,396,66,6,0.893939,0.436186441
48,E,Ageratum,L,1151.16,872.14,279.02,974,153,821,990,66,15,0.829293,0.339853837
49,E,Ageratum,L,939.76,806.62,133.14,302,21,281,330,66,5,0.851515,0.473807829
50,E,Ageratum,O,991.37,727.37,264,590,35,555,594,66,9,0.934343,0.475675676
51,E,Ageratum,O,1036.86,762.95,273.91,781,98,683,792,66,12,0.862374,0.401039532
52,E,Ageratum,O,910.39,776.93,133.46,379,50,329,396,66,6,0.830808,0.405653495
53,E,Ageratum,O,1089.87,829.6,260.27,782,144,638,792,66,12,0.805556,0.407946709
54,E,Ageratum,O,1048.83,905.33,143.5,390,26,364,396,66,6,0.919192,0.394230769
55,E,Ageratum,O,1104.9,946.63,158.27,450,61,389,462,66,7,0.841991,0.406863753
56,E,Ageratum,O,918.79,799.54,119.25,312,37,275,330,66,5,0.833333,0.433636364
57,E,Ageratum,O,1114.25,847.55,266.7,914,126,788,924,66,14,0.852814,0.338451777
58,E,Ageratum,O,1176.42,954.15,222.27,590,70,520,594,66,9,0.875421,0.427442308
59,E,Ageratum,O,974.53,848.32,126.21,388,44,344,396,66,6,0.868687,0.366889535
60,E,Ageratum,O,1021.66,829.16,192.5,589,60,529,594,66,9,0.890572,0.36389414
61,E,Ageratum,O,995.6,829.01,166.59,657,82,575,660,66,10,0.871212,0.289721739
62,E,Ageratum,O,1016.35,877.57,138.78,453,68,385,462,66,7,0.833333,0.360467533
63,E,Ageratum,O,980.99,904.45,76.54,250,12,238,264,66,4,0.901515,0.321596639
64,E,Ageratum,O,975.83,832.8,143.03,396,55,341,396,66,6,0.861111,0.419442815
65,E,Ageratum,O,918.35,738.48,179.87,460,25,435,462,66,7,0.941558,0.413494253
66,E,Ageratum,O,1006.01,863.45,142.56,389,38,351,396,66,6,0.886364,0.406153846
67,E,Ageratum,O,1186.62,849.23,337.39,920,109,811,924,66,14,0.877706,0.416017263
68,E,Ageratum,O,1080.77,900.41,180.36,436,44,392,462,66,7,0.848485,0.460102041
69,E,Ageratum,O,1057.8,878.61,179.19,519,75,444,528,66,8,0.840909,0.403581081
70,E,Ageratum,O,998.28,757.93,240.35,781,81,700,792,66,12,0.883838,0.343357143
71,E,Ageratum,O,1061.21,914.91,146.3,526,90,436,528,66,8,0.825758,0.335550459
72,E,Ageratum,O,1057.6,817.21,240.39,652,66,586,660,66,10,0.887879,0.410221843
73,E,Ageratum,O,1198.78,867.49,331.29,1379,195,1184,1386,66,21,0.854257,0.279805743
74,C,Ageratum,C,1030.4,909.56,120.84,385,66,319,396,66,6,0.805556,0.378808777
75,C,Ageratum,C,909.23,746.87,162.36,521,40,481,528,66,8,0.910985,0.337546778
76,C,Ageratum,C,1041.12,805.94,235.18,653,85,568,660,66,10,0.860606,0.414049296
77,C,Ageratum,C,962.67,823.21,139.46,447,64,383,462,66,7,0.829004,0.364125326
78,C,Ageratum,C,958.23,745.18,213.05,656,112,544,660,66,10,0.824242,0.391636029
79,C,Ageratum,C,1274.96,844.95,430.01,1045,126,919,1056,66,16,0.870265,0.467910773
80,C,Ageratum,C,936.71,739.84,196.87,510,73,437,528,66,8,0.827652,0.450503433
81,C,Ageratum,C,1074.36,865.05,209.31,848,210,638,858,66,13,0.74359,0.3280721
82,C,Ageratum,C,1116.05,893.89,222.16,587,50,537,594,66,9,0.90404,0.413705773
83,C,Ageratum,C,958.53,726.04,232.49,566,31,535,594,66,9,0.900673,0.434560748
84,C,Ageratum,C,956.86,826.61,130.25,391,29,362,396,66,6,0.914141,0.35980663
85,C,Ageratum,C,1387.66,920.58,467.08,1121,99,1022,1122,66,17,0.910873,0.45702544
86,C,Ageratum,C,1021.46,810.54,210.92,513,36,477,528,66,8,0.903409,0.442180294
87,C,Ageratum,C,1155.91,867.96,287.95,972,135,837,990,66,15,0.845455,0.344026284
88,C,Ageratum,C,1003.46,894.06,109.4,256,10,246,264,66,4,0.931818,0.444715447
89,C,Ageratum,C,1063.38,820.12,243.26,653,45,608,660,66,10,0.921212,0.400098684
90,C,Ageratum,C,1057.9,856.67,201.23,652,145,507,660,66,10,0.768182,0.396903353
91,C,Ageratum,C,1070.72,854.76,215.96,665,118,547,660,66,10,0.828788,0.394808044
92,C,Ageratum,C,1014.68,840.37,174.31,598,51,547,594,66,9,0.920875,0.318665448
93,C,Ageratum,C,1117.59,888.67,228.92,572,55,517,594,66,9,0.87037,0.4427853
94,C,Ageratum,C,1029.45,809,220.45,588,78,510,594,66,9,0.858586,0.432254902
95,C,Ageratum,C,927.75,806.54,121.21,452,65,387,462,66,7,0.837662,0.313204134
96,C,Ageratum,C,981.78,741.73,240.05,661,71,590,660,66,10,0.893939,0.406864407
97,C,Ageratum,C,1024.11,814.42,209.69,512,23,489,528,66,8,0.926136,0.428813906
98,C,Ageratum,C,1060.15,820.66,239.49,662,55,607,660,66,10,0.919697,0.394546952
99,C,Ageratum,C,926.43,846.03,80.4,190,12,178,198,66,3,0.89899,0.451685393
1,E,Mikania,S,808.4,806.52,1.88,83,60,23,84,4,21,0.27381,0.08173913
2,E,Mikania,S,822.1,819.39,2.71,78,44,34,80,4,20,0.425,0.079705882
3,E,Mikania,S,823.38,819.54,3.84,98,48,50,100,4,25,0.5,0.0768
4,E,Mikania,S,805.91,802.93,2.98,97,40,57,100,4,25,0.57,0.052280702
5,E,Mikania,S,807.75,803.42,4.33,85,36,49,88,4,22,0.556818,0.088367347
6,E,Mikania,S,829.13,825.48,3.65,83,39,44,84,4,21,0.52381,0.082954545
7,E,Mikania,S,864.75,854.31,10.44,253,102,151,256,4,64,0.589844,0.069139073
8,E,Mikania,S,834.5,830.58,3.92,92,34,58,92,4,23,0.630435,0.067586207
9,E,Mikania,S,844.31,838.99,5.32,118,55,63,120,4,30,0.525,0.084444444
10,E,Mikania,S,810.68,803.58,7.1,131,60,71,132,4,33,0.537879,0.1
11,E,Mikania,S,820.02,816.96,3.06,81,42,39,84,4,21,0.464286,0.078461538
12,E,Mikania,S,813.68,810.68,3,88,46,42,88,4,22,0.477273,0.071428571
13,E,Mikania,S,837.26,832.61,4.65,124,64,60,124,4,31,0.483871,0.0775
14,E,Mikania,S,815.38,810.96,4.42,135,71,64,136,4,34,0.470588,0.0690625
15,E,Mikania,S,806.09,803.39,2.7,93,58,35,96,4,24,0.364583,0.077142857
16,E,Mikania,S,829.54,826.32,3.22,98,52,46,100,4,25,0.46,0.07
17,E,Mikania,S,803.62,800.55,3.07,78,45,33,80,4,20,0.4125,0.093030303
18,E,Mikania,S,816.9,811.97,4.93,127,72,55,128,4,32,0.429688,0.089636364
19,E,Mikania,S,826.21,823.02,3.19,102,64,38,104,4,26,0.365385,0.083947368
20,E,Mikania,S,823.82,821.14,2.68,95,66,29,96,4,24,0.302083,0.092413793
21,E,Mikania,S,826.72,822.18,4.54,107,53,54,108,4,27,0.5,0.084074074
22,E,Mikania,S,816.13,812.22,3.91,97,58,39,100,4,25,0.39,0.10025641
23,E,Mikania,S,808.75,806.64,2.11,86,60,26,88,4,22,0.295455,0.081153846
24,E,Mikania,S,813.54,810.27,3.27,81,42,39,84,4,21,0.464286,0.083846154
25,E,Mikania,S,804.27,802.64,1.63,34,18,16,36,4,9,0.444444,0.101875
26,E,Mikania,L,822.46,818.17,4.29,68,30,38,68,4,17,0.558824,0.112894737
27,E,Mikania,L,804.61,797.7,6.91,95,34,61,96,4,24,0.635417,0.113278689
28,E,Mikania,L,860.79,850.5,10.29,137,55,82,140,4,35,0.585714,0.125487805
29,E,Mikania,L,825.32,820.37,4.95,86,38,48,88,4,22,0.545455,0.103125
30,E,Mikania,L,819.74,812.05,7.69,94,34,60,96,4,24,0.625,0.128166667
31,E,Mikania,L,805.78,796.11,9.67,113,21,92,116,4,29,0.793103,0.105108696
32,E,Mikania,L,818.45,812.88,5.57,81,38,43,84,4,21,0.511905,0.129534884
33,E,Mikania,L,821.88,812.95,8.93,109,43,66,112,4,28,0.589286,0.13530303
34,E,Mikania,L,827.34,820.57,6.77,82,28,54,84,4,21,0.642857,0.12537037
35,E,Mikania,L,820.53,813.89,6.64,72,20,52,72,4,18,0.722222,0.127692308
36,E,Mikania,L,832.05,825.51,6.54,88,33,55,88,4,22,0.625,0.118909091
37,E,Mikania,L,819.58,812.88,6.7,79,30,49,80,4,20,0.6125,0.136734694
38,E,Mikania,L,818.54,806.98,11.56,107,17,90,108,4,27,0.833333,0.128444444
39,E,Mikania,L,824.59,817.31,7.28,89,36,53,92,4,23,0.576087,0.137358491
40,E,Mikania,L,808.99,803.25,5.74,87,35,52,88,4,22,0.590909,0.110384615
41,E,Mikania,L,816.03,805.72,10.31,93,19,74,96,4,24,0.770833,0.139324324
42,E,Mikania,L,820.1,814.61,5.49,88,34,54,88,4,22,0.613636,0.101666667
43,E,Mikania,L,860.13,851.05,9.08,129,52,77,132,4,33,0.583333,0.117922078
44,E,Mikania,L,869.7,864.46,5.24,77,31,46,80,4,20,0.575,0.113913043
45,E,Mikania,L,924.97,918.6,6.37,96,44,52,96,4,24,0.541667,0.1225
46,E,Mikania,L,847.35,839.3,8.05,77,14,63,80,4,20,0.7875,0.127777778
47,E,Mikania,L,843.13,839.61,3.52,49,14,35,52,4,13,0.673077,0.100571429
48,E,Mikania,L,913.06,903.97,9.09,120,42,78,120,4,30,0.65,0.116538462
49,E,Mikania,L,815.77,810.96,4.81,66,27,39,68,4,17,0.573529,0.123333333
50,E,Mikania,O,839.4,830.77,8.63,187,98,89,188,4,47,0.473404,0.096966292
51,E,Mikania,O,827.84,820.86,6.98,114,59,55,116,4,29,0.474138,0.126909091
52,E,Mikania,O,923.85,918.85,5,92,50,42,92,4,23,0.456522,0.119047619
53,E,Mikania,O,909.1,904.06,5.04,95,53,42,96,4,24,0.4375,0.12
54,E,Mikania,O,809.06,800.53,8.53,98,30,68,100,4,25,0.68,0.125441176
55,E,Mikania,O,834.19,826.23,7.96,83,24,59,84,4,21,0.702381,0.134915254
56,E,Mikania,O,826.06,820.23,5.83,92,43,49,92,4,23,0.532609,0.118979592
57,E,Mikania,O,848.66,838.23,10.43,114,32,82,116,4,29,0.706897,0.127195122
58,E,Mikania,O,818.66,808.63,10.03,127,40,87,128,4,32,0.679688,0.115287356
59,E,Mikania,O,818.07,810.86,7.21,98,28,70,100,4,25,0.7,0.103
60,E,Mikania,O,824.11,817.05,7.06,95,44,51,96,4,24,0.53125,0.138431373
61,E,Mikania,O,814.2,803.73,10.47,97,19,78,100,4,25,0.78,0.134230769
62,E,Mikania,O,826.3,819.13,7.17,79,24,55,80,4,20,0.6875,0.130363636
63,E,Mikania,O,828.59,821.81,6.78,95,38,57,96,4,24,0.59375,0.118947368
64,E,Mikania,O,831.5,825.47,6.03,84,40,44,84,4,21,0.52381,0.137045455
65,E,Mikania,O,829.52,823.28,6.24,89,35,54,92,4,23,0.586957,0.115555556
66,E,Mikania,O,834.01,822.81,11.2,112,22,90,112,4,28,0.803571,0.124444444
67,E,Mikania,O,836.17,825.19,10.98,107,28,79,108,4,27,0.731481,0.138987342
68,E,Mikania,O,839.72,827.51,12.21,116,20,96,116,4,29,0.827586,0.1271875
69,E,Mikania,O,966.39,949.77,16.62,152,28,124,152,4,38,0.815789,0.134032258
70,E,Mikania,O,925.25,909.95,15.3,199,40,159,200,4,50,0.795,0.096226415
71,E,Mikania,O,934.64,918.99,15.65,155,33,122,156,4,39,0.782051,0.128278689
72,E,Mikania,O,948.09,930.03,18.06,182,38,144,184,4,46,0.782609,0.125416667
73,C,Mikania,C,846.77,837.87,8.9,82,16,66,84,4,21,0.785714,0.134848485
74,C,Mikania,C,827.65,814.58,13.07,158,41,117,160,4,40,0.73125,0.111709402
75,C,Mikania,C,835.25,818.57,16.68,168,46,122,168,4,42,0.72619,0.136721311
76,C,Mikania,C,895.54,880.47,15.07,188,78,110,188,4,47,0.585106,0.137
77,C,Mikania,C,891.5,880.42,11.08,139,48,91,140,4,35,0.65,0.121758242
78,C,Mikania,C,911.51,900.11,11.4,152,68,84,152,4,38,0.552632,0.135714286
79,C,Mikania,C,897.23,893.33,3.9,71,30,41,72,4,18,0.569444,0.095121951
80,C,Mikania,C,929.9,919.69,10.21,135,50,85,136,4,34,0.625,0.120117647
81,C,Mikania,C,924.89,916.23,8.66,127,36,91,128,4,32,0.710938,0.095164835
82,C,Mikania,C,947.36,928.41,18.95,255,85,170,256,4,64,0.664063,0.111470588
83,C,Mikania,C,904.68,898,6.68,124,42,82,124,4,31,0.66129,0.081463415
84,C,Mikania,C,905.26,899.89,5.37,92,42,50,92,4,23,0.543478,0.1074
85,C,Mikania,C,916.39,902.43,13.96,163,56,107,164,4,41,0.652439,0.13046729
86,C,Mikania,C,862.93,856.16,6.77,99,41,58,100,4,25,0.58,0.116724138
87,C,Mikania,C,902.12,892.79,9.33,143,58,85,144,4,36,0.590278,0.109764706
88,C,Mikania,C,881.96,873.39,8.57,123,18,105,124,4,31,0.846774,0.081619048
89,C,Mikania,C,891.14,883.27,7.87,112,36,76,112,4,28,0.678571,0.103552632
90,C,Mikania,C,920.19,910.64,9.55,103,30,73,104,4,26,0.701923,0.130821918
91,C,Mikania,C,913.72,904.2,9.52,114,42,72,116,4,29,0.62069,0.132222222
92,C,Mikania,C,888.36,880.9,7.46,83,18,65,84,4,21,0.77381,0.114769231
93,C,Mikania,C,949.05,941.05,8,87,24,63,88,4,22,0.715909,0.126984127
94,C,Mikania,C,898.12,892,6.12,91,36,55,92,4,23,0.597826,0.111272727
95,C,Mikania,C,936.35,929.46,6.89,112,44,68,112,4,28,0.607143,0.101323529
96,C,Mikania,C,911.4,900.55,10.85,123,26,97,124,4,31,0.782258,0.11185567
97,C,Mikania,C,983.69,974.37,9.32,147,72,75,148,4,37,0.506757,0.124266667
1,E,Chromolaena,S,1896,887.46,1008.54,643,148,495,644,28,23,0.768634,2.037454545
2,E,Chromolaena,S,1124.64,893.44,231.2,138,23,115,140,28,5,0.821429,2.010434783
3,E,Chromolaena,S,1648.29,846.88,801.41,500,96,404,504,28,18,0.801587,1.983688119
4,E,Chromolaena,S,1422.48,866.85,555.63,328,88,240,336,28,12,0.714286,2.315125
5,E,Chromolaena,S,1997.78,876.16,1121.62,729,121,608,728,28,26,0.835165,1.844769737
6,E,Chromolaena,S,2796.7,881.04,1915.66,981,145,836,980,28,35,0.853061,2.29145933
7,E,Chromolaena,S,1559.37,880.62,678.75,387,64,323,392,28,14,0.82398,2.101393189
8,E,Chromolaena,S,1832.85,802.13,1030.72,580,80,500,588,28,21,0.85034,2.06144
9,E,Chromolaena,S,1805.35,839.1,966.25,585,56,529,588,28,21,0.89966,1.826559546
10,E,Chromolaena,S,1570.21,835.6,734.61,380,34,346,392,28,14,0.882653,2.123150289
11,E,Chromolaena,S,1303.57,838.37,465.2,271,28,243,280,28,10,0.867857,1.914403292
12,E,Chromolaena,S,1925.26,847.09,1078.17,607,55,552,616,28,22,0.896104,1.953206522
13,E,Chromolaena,S,1096.44,805.78,290.66,136,14,122,140,28,5,0.871429,2.382459016
14,E,Chromolaena,S,1435.62,808.99,626.63,301,50,251,308,28,11,0.814935,2.496533865
15,E,Chromolaena,S,1463.21,807.88,655.33,383,64,319,392,28,14,0.813776,2.054326019
16,E,Chromolaena,S,1655.47,786.28,869.19,528,60,468,532,28,19,0.879699,1.85724359
17,E,Chromolaena,S,1386.57,815.36,571.21,274,36,238,280,28,10,0.85,2.400042017
18,E,Chromolaena,S,1479.98,843.21,636.77,333,34,299,336,28,12,0.889881,2.129665552
19,E,Chromolaena,S,1060.65,803.17,257.48,129,22,107,140,28,5,0.764286,2.40635514
20,E,Chromolaena,S,1858.28,814.78,1043.5,563,63,500,560,28,20,0.892857,2.087
21,E,Chromolaena,S,1973.94,859.52,1114.42,740,97,643,756,28,27,0.850529,1.733157076
22,E,Chromolaena,S,1447.63,837.19,610.44,365,59,306,364,28,13,0.840659,1.994901961
23,E,Chromolaena,S,1539.6,886.45,653.15,416,64,352,420,28,15,0.838095,1.855539773
24,E,Chromolaena,L,1186.25,779.53,406.72,246,70,176,252,28,9,0.698413,2.310909091
25,E,Chromolaena,L,1216.15,770.61,445.54,250,30,220,252,28,9,0.873016,2.025181818
26,E,Chromolaena,L,1318.19,898.08,420.11,252,66,186,252,28,9,0.738095,2.258655914
27,E,Chromolaena,L,1004.13,765.47,238.66,137,32,105,140,28,5,0.75,2.272952381
28,E,Chromolaena,L,1005.14,846.44,158.7,112,28,84,112,28,4,0.75,1.889285714
29,E,Chromolaena,L,1682.94,805.35,877.59,581,72,509,588,28,21,0.865646,1.724145383
30,E,Chromolaena,L,990.57,802.56,188.01,106,20,86,112,28,4,0.767857,2.186162791
31,E,Chromolaena,L,1633.81,808.18,825.63,569,127,442,560,28,20,0.789286,1.867941176
32,E,Chromolaena,L,1832.31,877.76,954.55,602,67,535,616,28,22,0.868506,1.784205607
33,E,Chromolaena,L,953.08,801.26,151.82,84,9,75,84,28,3,0.892857,2.024266667
34,E,Chromolaena,L,1505.1,780.92,724.18,412,34,378,420,28,15,0.9,1.915820106
35,E,Chromolaena,L,1264.41,887.78,376.63,182,15,167,196,28,7,0.852041,2.255269461
36,E,Chromolaena,L,1594.09,779.62,814.47,521,92,429,532,28,19,0.806391,1.898531469
37,E,Chromolaena,L,1295.77,815.09,480.68,277,16,261,280,28,10,0.932143,1.841685824
38,E,Chromolaena,L,1316.15,822.29,493.86,305,41,264,308,28,11,0.857143,1.870681818
39,E,Chromolaena,L,1609.82,842.46,767.36,523,120,403,532,28,19,0.757519,1.904119107
40,E,Chromolaena,L,1194.12,890.27,303.85,163,13,150,168,28,6,0.892857,2.025666667
41,E,Chromolaena,L,1288.27,860.79,427.48,241,45,196,252,28,9,0.777778,2.181020408
42,E,Chromolaena,L,1485.26,813.48,671.78,384,23,361,392,28,14,0.920918,1.860886427
43,E,Chromolaena,L,1512.41,783.47,728.94,388,50,338,392,28,14,0.862245,2.156627219
44,E,Chromolaena,L,1560.4,849.81,710.59,421,109,312,420,28,15,0.742857,2.277532051
45,E,Chromolaena,L,1641.85,861.42,780.43,503,87,416,504,28,18,0.825397,1.876033654
46,E,Chromolaena,L,1498.6,809,689.6,422,92,330,420,28,15,0.785714,2.08969697
47,E,Chromolaena,L,1450.62,837.68,612.94,409,70,339,420,28,15,0.807143,1.808082596
48,E,Chromolaena,O,1562.59,867.75,694.84,422,101,321,420,28,15,0.764286,2.164610592
49,E,Chromolaena,O,1428.91,806.73,622.18,358,63,295,364,28,13,0.81044,2.109084746
50,E,Chromolaena,O,1826.49,836.64,989.85,522,83,439,532,28,19,0.825188,2.254783599
51,E,Chromolaena,O,1448.72,834.43,614.29,300,44,256,308,28,11,0.831169,2.399570313
52,E,Chromolaena,O,1604.02,830.14,773.88,501,78,423,504,28,18,0.839286,1.829503546
53,E,Chromolaena,O,1704.51,885.7,818.81,470,66,404,476,28,17,0.848739,2.026757426
54,E,Chromolaena,O,1556.01,806.18,749.83,438,56,382,448,28,16,0.852679,1.962905759
55,E,Chromolaena,O,1293.11,864.39,428.72,221,40,181,224,28,8,0.808036,2.368618785
56,E,Chromolaena,O,1668.69,829.68,839.01,498,122,376,504,28,18,0.746032,2.231409574
57,E,Chromolaena,O,1284.66,848.61,436.05,278,67,211,280,28,10,0.753571,2.066587678
58,E,Chromolaena,O,1162.38,835.22,327.16,219,55,164,224,28,8,0.732143,1.994878049
59,E,Chromolaena,O,1847.72,848.73,998.99,531,61,470,532,28,19,0.883459,2.125510638
60,E,Chromolaena,O,1692.28,799.38,892.9,466,40,426,476,28,17,0.894958,2.09600939
61,E,Chromolaena,O,1772.1,807.23,964.87,440,32,408,448,28,16,0.910714,2.364877451
62,E,Chromolaena,O,1862.34,806.95,1055.39,470,30,440,476,28,17,0.92437,2.398613636
63,E,Chromolaena,O,1196.92,819.5,377.42,163,12,151,168,28,6,0.89881,2.499470199
64,E,Chromolaena,O,1663.83,853.11,810.72,518,67,451,532,28,19,0.847744,1.797605322
65,E,Chromolaena,O,1400.38,812.09,588.29,296,45,251,308,28,11,0.814935,2.343784861
66,E,Chromolaena,O,1427.58,821.78,605.8,355,43,312,364,28,13,0.857143,1.941666667
67,E,Chromolaena,O,1772.52,876.87,895.65,552,87,465,560,28,20,0.830357,1.926129032
68,E,Chromolaena,O,1152.96,863.68,289.28,163,34,129,168,28,6,0.767857,2.24248062
69,E,Chromolaena,O,1144.5,825.88,318.62,211,28,183,224,28,8,0.816964,1.741092896
70,E,Chromolaena,O,1709.95,817.55,892.4,443,25,418,448,28,16,0.933036,2.13492823
71,E,Chromolaena,O,1492.23,785.21,707.02,356,59,297,364,28,13,0.815934,2.380538721
72,E,Chromolaena,O,1166.05,806.67,359.38,245,38,207,252,28,9,0.821429,1.736135266
73,C,Chromolaena,C,1686.33,796.26,890.07,542,82,460,560,28,20,0.821429,1.934934783
74,C,Chromolaena,C,1560.28,862.72,697.56,458,54,404,476,28,17,0.848739,1.726633663
75,C,Chromolaena,C,1343.86,888.69,455.17,354,132,222,364,28,13,0.60989,2.050315315
76,C,Chromolaena,C,1183.83,854.06,329.77,196,18,178,196,28,7,0.908163,1.852640449
77,C,Chromolaena,C,1545.35,813.63,731.72,443,77,366,448,28,16,0.816964,1.999234973
78,C,Chromolaena,C,1606.63,845.98,760.65,492,82,410,504,28,18,0.813492,1.855243902
79,C,Chromolaena,C,1563.06,806.87,756.19,534,110,424,532,28,19,0.796992,1.783466981
80,C,Chromolaena,C,1507.53,904.33,603.2,421,125,296,420,28,15,0.704762,2.037837838
81,C,Chromolaena,C,1307.46,850.55,456.91,271,46,225,280,28,10,0.803571,2.030711111
82,C,Chromolaena,C,1210.49,782.97,427.52,216,28,188,224,28,8,0.839286,2.274042553
83,C,Chromolaena,C,1740.03,887.42,852.61,553,160,393,560,28,20,0.701786,2.169491094
84,C,Chromolaena,C,1660.32,853.4388,806.8812,518,55,463,532,28,19,0.870301,1.742723974
85,C,Chromolaena,C,1766.11,898.8448,867.2652,439,36,403,448,28,16,0.899554,2.152022829
86,C,Chromolaena,C,1694.59,791.087,903.503,475,14,461,476,28,17,0.968487,1.959876356
87,C,Chromolaena,C,1278.75,828.0634,450.6866,250,29,221,252,28,9,0.876984,2.039305882
88,C,Chromolaena,C,1636.81,808.7124,828.0976,531,127,404,532,28,19,0.759398,2.049746535
89,C,Chromolaena,C,1364.11,823.7606,540.3494,293,15,278,308,28,11,0.902597,1.943702878
90,C,Chromolaena,C,1698.81,853.76,845.05,461,84,377,476,28,17,0.792017,2.241511936
91,C,Chromolaena,C,1196.01,803.54,392.47,193,14,179,196,28,7,0.913265,2.192569832
92,C,Chromolaena,C,1009.58,850.37,159.21,110,28,82,112,28,4,0.732143,1.941585366
93,C,Chromolaena,C,1907.44,826.64,1080.8,560,98,462,560,28,20,0.825,2.339393939
94,C,Chromolaena,C,1546.21,843.47,702.74,418,72,346,420,28,15,0.82381,2.031040462
95,C,Chromolaena,C,1687.81,824.42,863.39,580,134,446,588,28,21,0.758503,1.935852018
96,C,Chromolaena,C,1315.43,849.66,465.77,295,52,243,308,28,11,0.788961,1.916748971
97,C,Chromolaena,C,1484.36,846.65,637.71,418,80,338,420,28,15,0.804762,1.886715976
